{
    "key": "group_689f66d03eed1",
    "title": "sms fields",
    "fields": [
        {
            "key": "field_689f66d049174",
            "label": "sms_color",
            "name": "sms_color",
            "aria-label": "",
            "type": "select",
            "instructions": "",
            "required": 0,
            "conditional_logic": 0,
            "wrapper": {
                "width": "",
                "class": "",
                "id": ""
            },
            "choices": {
                "sms_warning": "sms_warning",
                "sms_danger": "sms_danger",
                "sms_success": "sms_success",
                "sms_dark": "sms_dark",
                "sms_primary": "sms_primary"
            },
            "default_value": "sms_primary",
            "return_format": "value",
            "multiple": 0,
            "allow_null": 0,
            "allow_in_bindings": 0,
            "ui": 0,
            "ajax": 0,
            "placeholder": "",
            "create_options": 0,
            "save_options": 0
        },
        {
            "key": "field_68a93ada204ef",
            "label": "Post As",
            "name": "post_as",
            "aria-label": "",
            "type": "radio",
            "instructions": "",
            "required": 0,
            "conditional_logic": 0,
            "wrapper": {
                "width": "",
                "class": "",
                "id": ""
            },
            "choices": {
                "real name": "real name",
                "anonymous": "anonymous"
            },
            "default_value": "real name",
            "return_format": "value",
            "allow_null": 0,
            "other_choice": 0,
            "allow_in_bindings": 0,
            "layout": "vertical",
            "save_other_choice": 0
        },
        {
            "key": "field_689f672149176",
            "label": "Sms Text",
            "name": "sms_text",
            "aria-label": "",
            "type": "textarea",
            "instructions": "Max. 240 characters",
            "required": 1,
            "conditional_logic": 0,
            "wrapper": {
                "width": "",
                "class": "",
                "id": ""
            },
            "default_value": "",
            "maxlength": 240,
            "allow_in_bindings": 1,
            "rows": "",
            "placeholder": "",
            "new_lines": ""
        },
        {
            "key": "field_68a9828ae9b91",
            "label": "giiii",
            "name": "giiiii",
            "aria-label": "",
            "type": "number",
            "instructions": "",
            "required": 0,
            "conditional_logic": 0,
            "wrapper": {
                "width": "",
                "class": "",
                "id": ""
            },
            "default_value": 435345,
            "min": "",
            "max": "",
            "allow_in_bindings": 0,
            "placeholder": "",
            "step": "",
            "prepend": "",
            "append": ""
        }
    ],
    "location": [
        [
            {
                "param": "post_type",
                "operator": "==",
                "value": "sms_sms"
            }
        ]
    ],
    "menu_order": 0,
    "position": "normal",
    "style": "default",
    "label_placement": "top",
    "instruction_placement": "label",
    "hide_on_screen": "",
    "active": true,
    "description": "",
    "show_in_rest": 0,
    "modified": 1755939780
}
