{
    "key": "group_689f3b92d3155",
    "title": "Template Parts Control",
    "fields": [
        {
            "key": "field_689f3c87cc1d6",
            "label": "Activate Mobile Slider",
            "name": "activate_mobile_slider",
            "aria-label": "",
            "type": "true_false",
            "instructions": "",
            "required": 0,
            "conditional_logic": 0,
            "wrapper": {
                "width": "",
                "class": "",
                "id": ""
            },
            "message": "Activate Mobile Slider",
            "default_value": 0,
            "allow_in_bindings": 0,
            "ui_on_text": "On",
            "ui_off_text": "Off",
            "ui": 1
        },
        {
            "key": "field_689f3fbe32321",
            "label": "Activate Home Slider",
            "name": "activate_home_slider",
            "aria-label": "",
            "type": "true_false",
            "instructions": "",
            "required": 0,
            "conditional_logic": 0,
            "wrapper": {
                "width": "",
                "class": "",
                "id": ""
            },
            "message": "",
            "default_value": 0,
            "allow_in_bindings": 0,
            "ui_on_text": "On",
            "ui_off_text": "Off",
            "ui": 1
        },
        {
            "key": "field_689f3fcb32322",
            "label": "Activate Brands Slider",
            "name": "activate_brands_slider",
            "aria-label": "",
            "type": "true_false",
            "instructions": "",
            "required": 0,
            "conditional_logic": 0,
            "wrapper": {
                "width": "",
                "class": "",
                "id": ""
            },
            "message": "",
            "default_value": 0,
            "allow_in_bindings": 0,
            "ui_on_text": "On",
            "ui_off_text": "Off",
            "ui": 1
        },
        {
            "key": "field_689f3fd732323",
            "label": "Activate Cats Icons",
            "name": "activate_cats_icons",
            "aria-label": "",
            "type": "true_false",
            "instructions": "",
            "required": 0,
            "conditional_logic": 0,
            "wrapper": {
                "width": "",
                "class": "",
                "id": ""
            },
            "message": "",
            "default_value": 0,
            "allow_in_bindings": 0,
            "ui_on_text": "On",
            "ui_off_text": "Off",
            "ui": 1
        },
        {
            "key": "field_689f3fe132324",
            "label": "Activate Blog Cards",
            "name": "activate_blog_cards",
            "aria-label": "",
            "type": "true_false",
            "instructions": "",
            "required": 0,
            "conditional_logic": 0,
            "wrapper": {
                "width": "",
                "class": "",
                "id": ""
            },
            "message": "",
            "default_value": 0,
            "allow_in_bindings": 0,
            "ui_on_text": "On",
            "ui_off_text": "Off",
            "ui": 1
        },
        {
            "key": "field_689f3fea32325",
            "label": "Activate Woo Products 1",
            "name": "activate_woo_products_1",
            "aria-label": "",
            "type": "true_false",
            "instructions": "",
            "required": 0,
            "conditional_logic": 0,
            "wrapper": {
                "width": "",
                "class": "",
                "id": ""
            },
            "message": "",
            "default_value": 0,
            "allow_in_bindings": 0,
            "ui_on_text": "On",
            "ui_off_text": "Off",
            "ui": 1
        }
    ],
    "location": [
        [
            {
                "param": "options_page",
                "operator": "==",
                "value": "theme-settings"
            }
        ]
    ],
    "menu_order": 0,
    "position": "normal",
    "style": "default",
    "label_placement": "top",
    "instruction_placement": "label",
    "hide_on_screen": "",
    "active": true,
    "description": "",
    "show_in_rest": 0,
    "modified": 1755939879
}
