{
    "key": "post_type_689f66a8e4768",
    "title": "ADD SMS",
    "menu_order": 0,
    "active": true,
    "post_type": "sms_sms",
    "advanced_configuration": true,
    "import_source": "",
    "import_date": "",
    "labels": {
        "name": "ADD SMS",
        "singular_name": "ADD SMS",
        "menu_name": "Add sms",
        "all_items": "All sms",
        "edit_item": "Edit sms",
        "view_item": "View sms",
        "view_items": "View sms",
        "add_new_item": "Add New sms",
        "add_new": "Add New sms",
        "new_item": "New sms",
        "parent_item_colon": "Parent sms:",
        "search_items": "Search sms",
        "not_found": "No sms found",
        "not_found_in_trash": "No sms found in Trash",
        "archives": "sms Archives",
        "attributes": "sms Attributes",
        "featured_image": "",
        "set_featured_image": "",
        "remove_featured_image": "",
        "use_featured_image": "",
        "insert_into_item": "Insert into sms",
        "uploaded_to_this_item": "Uploaded to this sms",
        "filter_items_list": "Filter sms list",
        "filter_by_date": "Filter sms by date",
        "items_list_navigation": "sms list navigation",
        "items_list": "sms list",
        "item_published": "sms published.",
        "item_published_privately": "sms published privately.",
        "item_reverted_to_draft": "sms reverted to draft.",
        "item_scheduled": "sms scheduled.",
        "item_updated": "sms updated.",
        "item_link": "sms Link",
        "item_link_description": "A link to a sms."
    },
    "description": "",
    "public": true,
    "hierarchical": false,
    "exclude_from_search": false,
    "publicly_queryable": true,
    "show_ui": true,
    "show_in_menu": true,
    "admin_menu_parent": "",
    "show_in_admin_bar": true,
    "show_in_nav_menus": true,
    "show_in_rest": true,
    "rest_base": "",
    "rest_namespace": "wp\/v2",
    "rest_controller_class": "WP_REST_Posts_Controller",
    "menu_position": "",
    "menu_icon": {
        "type": "dashicons",
        "value": "dashicons-admin-post"
    },
    "rename_capabilities": false,
    "singular_capability_name": "post",
    "plural_capability_name": "posts",
    "supports": [
        "custom-fields"
    ],
    "taxonomies": "",
    "has_archive": false,
    "has_archive_slug": "",
    "rewrite": {
        "permalink_rewrite": "post_type_key",
        "with_front": "1",
        "feeds": "0",
        "pages": "1"
    },
    "query_var": "post_type_key",
    "query_var_name": "",
    "can_export": true,
    "delete_with_user": false,
    "register_meta_box_cb": "",
    "enter_title_here": "",
    "modified": 1755940010
}
